first_name;last_name;email;address
mario;rossi;mario.rossi@example.it;via Roma 10, Milano
luisa;bianchi;luisa.bianchi@example.it;corso Torino 22, Torino
gianni;verdi;gianni.verdi@example.it;via Garibaldi 5, Firenze
anna;nardi;anna.nardi@example.it;piazza Duomo 3, Bologna
